tt,tt,tt,d,d,tt,female,t@t,,new_book,,1,Январь,1945,t
tt,tt,tt,логин,пароль,tt,female,t@t,,new_book,,1,Январь,1945,t
tt,tt,tt,логин,пароль,tt,female,t@t,,,,1,Январь,1945,
tt,t,tt,логин,пароль,t,,t@t,,,,1,Январь,1945,
t,t,tt,логин,пароль,t,,t@t,,,,1,Январь,1945,
tt,tt,tt,логин,пароль,tt,female,t@tt,,,,1,Январь,1945,
t,t,t,tt,t,t,,t@t,,,,1,Январь,1945,
tt,tt,tt,tttt,t,t,,tt@rr,,,,1,Январь,1945,
tt,tt,tt,tttt,t,t,,tt@rr,,,,1,Январь,1945,
tt,tt,tt,tttt,t,t,,tt@rr,,,,1,Январь,1945,
ttt,tt,tt,tt,t,t,female,t@t,,,,5,Январь,1945,
ttt,tt,tt,tt,t,t,female,t@t,,,,5,Январь,1945,
ttt,tt,tt,tt,t,t,female,t@t,,,,5,Январь,1945,
ttt,tt,tt,tt,t,t,female,t@t,,,,5,Январь,1945,
ss,tt,tt,ttttte,tt,tt,,ss@t,,,,1,Январь,1945,
tt,tt,tt,aa,tt,tt,,a@a,,,,1,Январь,1945,
aa,aa,aa,tt,aa,aa,female,t@t,,new_book,,1,Январь,1945,
a,a,a,aa,a,a,,dd@dd,,,,1,Январь,1945,
a,a,a,a,a,a,,a@a,,,,1,Январь,1945,
ss,sss,sss,ss,ss,ss,male,ss@ss,,new_book,,4,Апрель,1982,ss
й,й,й,й,й,й,,t@t,,,,1,Январь,1945,й
цы,ц,ц,w,w,w,,WW@ww,,,,1,Январь,1945,w
р,р,р,щ,з,з,female,w@w,,,,1,Январь,1945,
e,e,e,логин,w,w,,w@w,,,,1,Январь,1945,w
e,e,e,ww,ww,ww,,w@w,,,,1,Январь,1945,w
o,o,o,ttt,tt,tt,female,w@w,,,,1,Январь,1945,t
aa,aa,aa,aaa,aa,aa,,w@w,,,,1,Январь,1945,aa
t,t,t,лол,t,t,,w@w,,,,1,Январь,1945,
t,t,t,лол,t,t,,w@w,,,,1,Январь,1945,
e,e,e,e,e,e,female,w@w,,new_book,,5,Апрель,1948,e
e,e,e,ttq,e,e,female,tt@rrq,,,,1,Январь,1945,e
ч,ч,ч,ч,ч,ч,female,w@xn--w1a,,new_book,,1,Январь,1945,ч
ss,ss,ss,sss,ss,ss,female,ss@sss,,new_book,,1,Январь,1945,s
ss,ss,ss,sss,ss,ss,female,ss@sss,,new_book,,1,Январь,1945,s
nn,nn,nn,nn,nn,nn,,w@n,,,,1,Январь,1945,n
ss,ss,ss,rr,rr,rr,,r@r,,,,1,Январь,1945,s
d,d,d,dd,d,d,female,d@d,,new_book,not_info,1,Январь,1945,ddd
e,e,e,ee,e,e,female,e@e,,new_book,,1,Январь,1945,"eeeeeeeeeeeeeeeeeee
zx,zx,zx,zxzx,zx,zx,female,w@df,,new_book,,1,Январь,1945,df
ww,ww,ww,wwaa,ww,ww,female,w@wz,,new_book,,1,Январь,1945,ww
fgddf,gdfg,dfg,fff,ffff,ffff,male,f@f,,,not_info,1,Апрель,1945,f
tt,t,tt,ttttter,tt,tt,female,t@tert,,,,1,Январь,1945,tt
d,d,d,ddd,d,d,female,d@dd,,new_book,,1,Январь,1945,ddd
l,l,l,l,l,l,female,l@l,,new_book,,4,Апрель,1948,l
